area,allocation_egp,percent,scope
Propulsion and motor control,9000,22.5,"Fleet-wide selective replacement; reuse serviceable propulsion"
Battery and protected power,5000,12.5,"Fleet-wide ceiling after pack audit; includes BMS/fuses/DC-DC/wiring/charging"
Compute navigation sensing and LoRa,6000,15.0,"Role-sized SBCs; GNSS/IMU/compass; STM32; SX1262; camera/ToF; LiDAR conditional"
Robot A fiberglass hull and structure,5500,13.75,"Fiberglass/resin/reinforcement/inserts/sealing/local fabrication"
Collector and Pontederia cutter-feed,4500,11.25,"Collection/feed/cutter/gearmotors/transmission/bearings/current sensing"
Custom PCB and waterproof electrical integration,4000,10.0,"PCB revisions/connectors/glands/enclosures/protected interfaces"
Docking and unloading prototype,2500,6.25,"Guides/marker/contact sensors/unloader; charging optional"
Testing spares transport contingency,3500,8.75,"Fixtures/replacement parts/transport/consumables"
TOTAL,40000,100.0,"Fleet-wide requested funding ceiling"
