id,title,start,target,primary,depends_on
M1,Requirements & Legacy Fleet Characterisation,2026-08-24,2026-10-15,Both,
M2,Mechanical Hull & Payload Readiness,2026-09-15,2027-01-15,Omar,M1
M3,Power Propulsion & Embedded Electrical Integration,2026-09-20,2027-02-15,Aiham,M1
M4,Single-ASV Autonomy Perception & Simulation,2026-10-01,2027-03-15,Aiham,M1;M3
M5,Collection Pontederia Handling & Dock Prototype,2026-09-20,2027-03-15,Both,M1;M2;M3
M6,Peer Communication & Common Fleet State,2027-01-15,2027-04-01,Both,M4
M7,Decentralized Coverage CBBA & Cooperation,2027-02-15,2027-04-30,Both,M6
M8,Fault-Aware Reallocation Docking & Service,2027-03-15,2027-05-10,Both,M6;M7
M9,Controlled Experimental Validation & AI-ML Ablation,2027-04-01,2027-05-31,Both,M2;M3;M4;M5;M7;M8
M10,Representative Nile-Environment Validation,2027-05-20,2027-06-10,Both,M9
M11,Engineering Book Report Poster Viva & Release,2026-08-24,2027-06-20,Both,M1;M2;M3;M4;M5;M6;M7;M8;M9;M10
