requirement_id,title,status,source,design_ids,test_ids,evidence_ids,notes
REQ-001,Mixed heterogeneous 3-4 ASV fleet,Active,docs/requirements/REQ-BASELINE.md,,,,"A new fiberglass; B inherited; C legacy; D optional"
REQ-002,Onboard local autonomy independent of shore computer,Active,docs/requirements/REQ-BASELINE.md,,,,
REQ-003,Peer decentralized allocation and reallocation,Open,docs/requirements/REQ-BASELINE.md,,,,
REQ-004,GNSS IMU compass marine navigation,Open,docs/requirements/REQ-BASELINE.md,,,,
REQ-005,Floating-waste collection retention and service,Open,docs/requirements/REQ-BASELINE.md,,,,
REQ-006,Pontederia mechanical handling with bounded cutting,Open,docs/requirements/REQ-BASELINE.md,,,,
REQ-007,Evidence-based propulsion sizing,Open,docs/requirements/REQ-BASELINE.md,,,,
REQ-008,Robot A buoyancy stability payload validation,Open,docs/requirements/REQ-BASELINE.md,,,,
REQ-009,STM32-SX1262 peer communications,Open,docs/requirements/REQ-BASELINE.md,,,,
REQ-010,Partition-safe degraded autonomy,Open,docs/requirements/REQ-BASELINE.md,,,,
REQ-011,FloW image-only dataset baseline,Active,docs/requirements/REQ-BASELINE.md,,,,"No new training dataset planned"
REQ-012,No funded radar requirement,Active,docs/requirements/REQ-BASELINE.md,,,,
REQ-013,ToF close range and role-conditional LiDAR,Open,docs/requirements/REQ-BASELINE.md,,,,
REQ-014,Autonomous docking and unloading cycle,Open,docs/requirements/REQ-BASELINE.md,,,,
REQ-015,Layered physical and onboard safety,Active,docs/requirements/REQ-BASELINE.md,,,,
REQ-016,Custom PCB interfaces/protection/instrumentation,Open,docs/requirements/REQ-BASELINE.md,,,,
REQ-017,Current wind disturbance experimental evaluation,Open,docs/requirements/REQ-BASELINE.md,,,,
REQ-018,MSS classical marine dynamics and GNC reference,Open,docs/requirements/REQ-BASELINE.md,,,,
REQ-019,ML advisory with deterministic baselines,Open,docs/requirements/REQ-BASELINE.md,,,,
REQ-020,Reuse-first performance-based procurement,Active,docs/requirements/REQ-BASELINE.md,,,,
REQ-021,Traceable engineering evidence,Active,docs/requirements/REQ-BASELINE.md,,,,
